a9,a,c,b,e,d,g,f,i,h,j
0,27,21,538,0,0,0,0,0,0,0
1,32,15,609,0,0,0,0,0,0,0
*,*,*,*,*,*,*,*,*,*,*
reg1,a,c,b,e,d,g,f,i,h,k,j,m,l,o,n,q,p,r
0,20,35,29,24,73,23,25,15,9,57,20,118,23,0,43,26,22,24
1,28,38,22,27,100,16,26,33,24,63,24,92,22,0,59,31,21,30
*,*,*,*,*,*,*,*,*,*,*
prov1,a,c,b,e,d,g,f,i,h,k,j,m,l,o,n,q,p,s,r,u,t,w,v,y,x,z
0,20,20,29,22,15,24,27,25,24,9,23,20,15,33,24,39,23,18,29,43,32,22,0,24,26,0
1,28,21,22,36,17,29,35,26,27,24,16,24,33,32,31,28,22,19,22,59,23,21,0,30,31,0
*,*,*,*,*,*,*,*,*,*,*
a1,a,b
0,284,302
1,290,366
*,*,*,*,*,*,*,*,*,*,*
a2,a,c,b
0,586,0,0
1,0,0,656
*,*,*,*,*,*,*,*,*,*,*
a3a,a,b
0,86,485
1,92,554
*,*,*,*,*,*,*,*,*,*,*
a3b,a,b
0,125,446
1,143,503
*,*,*,*,*,*,*,*,*,*,*
a3c,a,b
0,553,17
1,636,10
*,*,*,*,*,*,*,*,*,*,*
a3d,a,b
0,561,9
1,630,16
*,*,*,*,*,*,*,*,*,*,*
a3e,a,b
0,374,196
1,455,191
*,*,*,*,*,*,*,*,*,*,*
a3f,a,b
0,165,406
1,178,468
*,*,*,*,*,*,*,*,*,*,*
a3g,a,b
0,567,3
1,641,5
*,*,*,*,*,*,*,*,*,*,*
a3h,a,b
0,557,13
1,631,15
*,*,*,*,*,*,*,*,*,*,*
a3i,a,b
0,553,17
1,627,19
*,*,*,*,*,*,*,*,*,*,*
a3j,a,b
0,569,1
1,645,1
*,*,*,*,*,*,*,*,*,*,*
a3k,a,b
0,570,0
1,644,2
*,*,*,*,*,*,*,*,*,*,*
a3l,a,b
0,540,30
1,619,27
*,*,*,*,*,*,*,*,*,*,*
a4a,a,b
0,6,571
1,29,621
*,*,*,*,*,*,*,*,*,*,*
a4g,a,b
0,575,1
1,643,5
*,*,*,*,*,*,*,*,*,*,*
a4h,a,b
0,573,3
1,642,6
*,*,*,*,*,*,*,*,*,*,*
a4c,a,b
0,574,2
1,637,11
*,*,*,*,*,*,*,*,*,*,*
a4d,a,b
0,571,5
1,639,9
*,*,*,*,*,*,*,*,*,*,*
a4e,a,b
0,573,3
1,646,2
*,*,*,*,*,*,*,*,*,*,*
a4f,a,b
0,456,120
1,433,215
*,*,*,*,*,*,*,*,*,*,*
a4i,a,b
0,531,46
1,561,87
*,*,*,*,*,*,*,*,*,*,*
a5,a,x,c,b
0,3,1,0,572
1,4,5,0,638
*,*,*,*,*,*,*,*,*,*,*
b1,x,null
0,114,451
1,155,483
*,*,*,*,*,*,*,*,*,*,*
b3,a,b
0,78,488
1,53,594
*,*,*,*,*,*,*,*,*,*,*
b6a,a,x,b
0,475,7,78
1,450,6,180
*,*,*,*,*,*,*,*,*,*,*
b6b,a,x,b
0,335,4,222
1,317,5,315
*,*,*,*,*,*,*,*,*,*,*
b6c,a,x,b
0,449,2,108
1,451,3,183
*,*,*,*,*,*,*,*,*,*,*
b6d,a,x,b
0,371,4,180
1,421,3,214
*,*,*,*,*,*,*,*,*,*,*
b6e,a,x,b
0,510,3,36
1,538,9,86
*,*,*,*,*,*,*,*,*,*,*
b6f,a,x,b
0,443,3,108
1,444,7,182
*,*,*,*,*,*,*,*,*,*,*
b6g,a,x,b
0,358,4,189
1,438,4,194
*,*,*,*,*,*,*,*,*,*,*
b7a,a,x,b
0,455,2,98
1,480,6,143
*,*,*,*,*,*,*,*,*,*,*
b7b,a,x,b
0,371,1,184
1,347,4,281
*,*,*,*,*,*,*,*,*,*,*
b7c,a,x,b
0,379,2,173
1,441,3,189
*,*,*,*,*,*,*,*,*,*,*
b7d,a,x,b
0,479,2,73
1,506,5,122
*,*,*,*,*,*,*,*,*,*,*
b7e,a,x,b
0,445,1,109
1,498,4,130
*,*,*,*,*,*,*,*,*,*,*
b7f,a,x,b
0,483,3,59
1,536,10,84
*,*,*,*,*,*,*,*,*,*,*
b8a,a,x,b
0,54,2,45
1,60,5,81
*,*,*,*,*,*,*,*,*,*,*
b8b,a,x,b
0,91,1,95
1,81,3,202
*,*,*,*,*,*,*,*,*,*,*
b8c,a,x,b
0,132,1,41
1,148,3,45
*,*,*,*,*,*,*,*,*,*,*
b8d,a,x,b
0,41,1,33
1,74,0,51
*,*,*,*,*,*,*,*,*,*,*
b8e,a,x,b
0,56,4,54
1,65,1,68
*,*,*,*,*,*,*,*,*,*,*
b8f,a,x,b
0,35,4,22
1,54,0,33
*,*,*,*,*,*,*,*,*,*,*
b9a,a,x,b
0,456,18,77
1,527,10,89
*,*,*,*,*,*,*,*,*,*,*
b9b,a,x,b
0,350,5,201
1,341,8,283
*,*,*,*,*,*,*,*,*,*,*
b9c,a,x,b
0,247,8,297
1,293,10,331
*,*,*,*,*,*,*,*,*,*,*
b9d,a,x,b
0,407,2,135
1,350,9,270
*,*,*,*,*,*,*,*,*,*,*
b10a,a,b
0,276,282
1,257,385
*,*,*,*,*,*,*,*,*,*,*
b10b1,a,b
0,161,93
1,191,56
*,*,*,*,*,*,*,*,*,*,*
b10b2,a,b
0,157,97
1,167,81
*,*,*,*,*,*,*,*,*,*,*
b10b3,a,b
0,217,37
1,213,34
*,*,*,*,*,*,*,*,*,*,*
b10c1,a,b
0,197,57
1,149,98
*,*,*,*,*,*,*,*,*,*,*
b10c2,a,b
0,214,40
1,210,37
*,*,*,*,*,*,*,*,*,*,*
b10d,a,b
0,239,15
1,239,8
*,*,*,*,*,*,*,*,*,*,*
b10e,a,b
0,228,26
1,227,20
*,*,*,*,*,*,*,*,*,*,*
b11,null
0,541
1,637
*,*,*,*,*,*,*,*,*,*,*
b12,null
0,549
1,629
*,*,*,*,*,*,*,*,*,*,*
c1,a,x,c,b
0,488,6,0,63
1,577,3,0,62
*,*,*,*,*,*,*,*,*,*,*
c2,a,x,b
0,124,8,417
1,104,11,519
*,*,*,*,*,*,*,*,*,*,*
c4a,a,x,b
0,352,8,188
1,330,1,290
*,*,*,*,*,*,*,*,*,*,*
c4c,a,x,b
0,347,6,198
1,308,3,315
*,*,*,*,*,*,*,*,*,*,*
c4b,a,x,b
0,449,7,73
1,480,6,124
*,*,*,*,*,*,*,*,*,*,*
c4c1,a,x,b
0,468,7,61
1,522,8,88
*,*,*,*,*,*,*,*,*,*,*
c4c2,a,x,b
0,477,5,55
1,507,5,108
*,*,*,*,*,*,*,*,*,*,*
c4d,a,x,b
0,479,5,39
1,542,11,51
*,*,*,*,*,*,*,*,*,*,*
c4f,a,x,b
0,487,8,25
1,545,11,49
*,*,*,*,*,*,*,*,*,*,*
c4g,a,x,b
0,460,5,66
1,505,6,102
*,*,*,*,*,*,*,*,*,*,*
c4e,a,x,b
0,463,9,62
1,504,3,105
*,*,*,*,*,*,*,*,*,*,*
c4h,a,x,b
0,464,4,75
1,482,3,136
*,*,*,*,*,*,*,*,*,*,*
c4i,a,x,b
0,489,6,22
1,550,10,49
*,*,*,*,*,*,*,*,*,*,*
c4j,a,x,b
0,490,4,22
1,564,11,27
*,*,*,*,*,*,*,*,*,*,*
c4k,a,x,b
0,482,7,22
1,569,7,19
*,*,*,*,*,*,*,*,*,*,*
c4l,a,x,b
0,490,8,20
1,569,6,29
*,*,*,*,*,*,*,*,*,*,*
c4o,a,x,b
0,478,6,49
1,546,5,67
*,*,*,*,*,*,*,*,*,*,*
c4m,a,x,b
0,486,4,38
1,554,5,61
*,*,*,*,*,*,*,*,*,*,*
c4n,a,x,b
0,492,6,22
1,577,9,24
*,*,*,*,*,*,*,*,*,*,*
c4o1,a,x,b
0,474,5,37
1,559,8,42
*,*,*,*,*,*,*,*,*,*,*
c4r,a,x,b
0,446,5,62
1,503,5,101
*,*,*,*,*,*,*,*,*,*,*
c4p,a,x,b
0,313,9,206
1,280,5,339
*,*,*,*,*,*,*,*,*,*,*
c4t,a,x,b
0,458,5,64
1,493,6,116
*,*,*,*,*,*,*,*,*,*,*
c4q,a,x,b
0,425,5,90
1,469,4,144
*,*,*,*,*,*,*,*,*,*,*
c4u,a,x,b
0,420,6,97
1,413,3,198
*,*,*,*,*,*,*,*,*,*,*
c4t1,a,x,b
0,424,9,82
1,466,9,143
*,*,*,*,*,*,*,*,*,*,*
c4v,a,x,b
0,420,6,94
1,467,4,146
*,*,*,*,*,*,*,*,*,*,*
c4w,a,x,b
0,467,6,42
1,524,6,80
*,*,*,*,*,*,*,*,*,*,*
c4x,a,x,b
0,309,5,223
1,330,2,293
*,*,*,*,*,*,*,*,*,*,*
c4y,a,x,b
0,331,3,213
1,390,3,237
*,*,*,*,*,*,*,*,*,*,*
c4z,a,x,b
0,389,5,147
1,446,6,172
*,*,*,*,*,*,*,*,*,*,*
c4bb,a,x,b
0,380,5,150
1,403,3,220
*,*,*,*,*,*,*,*,*,*,*
c4cc,a,x,b
0,286,3,252
1,316,2,310
*,*,*,*,*,*,*,*,*,*,*
c4cc1,a,x,b
0,482,6,35
1,526,7,77
*,*,*,*,*,*,*,*,*,*,*
c4gg,a,x,b
0,399,4,114
1,402,6,213
*,*,*,*,*,*,*,*,*,*,*
c4ee,a,x,b
0,449,4,64
1,510,6,99
*,*,*,*,*,*,*,*,*,*,*
c4ff,a,x,b
0,467,5,41
1,512,10,84
*,*,*,*,*,*,*,*,*,*,*
c4hh,a,x,b
0,474,3,38
1,531,7,71
*,*,*,*,*,*,*,*,*,*,*
c4hh1,a,x,b
0,468,4,36
1,539,4,59
*,*,*,*,*,*,*,*,*,*,*
c4hh2,a,x,b
0,480,7,19
1,570,9,26
*,*,*,*,*,*,*,*,*,*,*
c6a,a,x,b
0,401,3,127
1,435,2,177
*,*,*,*,*,*,*,*,*,*,*
c6b,a,x,b
0,446,5,73
1,461,7,139
*,*,*,*,*,*,*,*,*,*,*
c6c,a,x,b
0,435,2,91
1,403,3,208
*,*,*,*,*,*,*,*,*,*,*
c6d,a,x,b
0,487,3,38
1,523,8,75
*,*,*,*,*,*,*,*,*,*,*
c6e,a,x,b
0,452,4,68
1,493,4,111
*,*,*,*,*,*,*,*,*,*,*
c6f,a,x,b
0,466,4,46
1,500,6,91
*,*,*,*,*,*,*,*,*,*,*
c6g,a,x,b
0,470,8,30
1,536,7,59
*,*,*,*,*,*,*,*,*,*,*
c6g1,a,x,b
0,444,4,64
1,484,7,109
*,*,*,*,*,*,*,*,*,*,*
c6h,a,x,b
0,470,4,35
1,534,4,67
*,*,*,*,*,*,*,*,*,*,*
c7a,a,x,b
0,394,2,114
1,433,5,167
*,*,*,*,*,*,*,*,*,*,*
c7b,a,x,b
0,433,3,68
1,458,6,139
*,*,*,*,*,*,*,*,*,*,*
c7c,a,x,b
0,421,2,83
1,389,6,211
*,*,*,*,*,*,*,*,*,*,*
c7d,a,x,b
0,458,2,46
1,525,7,71
*,*,*,*,*,*,*,*,*,*,*
c7e,a,x,b
0,444,3,52
1,495,5,104
*,*,*,*,*,*,*,*,*,*,*
c7f,a,x,b
0,452,6,36
1,513,7,81
*,*,*,*,*,*,*,*,*,*,*
c7g,a,x,b
0,465,4,25
1,536,8,54
*,*,*,*,*,*,*,*,*,*,*
c7g1,a,x,b
0,444,5,45
1,495,10,89
*,*,*,*,*,*,*,*,*,*,*
c7h,a,x,b
0,462,4,30
1,530,6,59
*,*,*,*,*,*,*,*,*,*,*
c8a,a,x,b
0,271,5,73
1,381,6,127
*,*,*,*,*,*,*,*,*,*,*
c8b,a,x,b
0,274,3,68
1,384,5,124
*,*,*,*,*,*,*,*,*,*,*
c8c,a,x,b
0,245,3,100
1,279,3,235
*,*,*,*,*,*,*,*,*,*,*
c8d,a,x,b
0,311,2,35
1,436,6,70
*,*,*,*,*,*,*,*,*,*,*
c8e,a,x,b
0,296,3,47
1,408,6,94
*,*,*,*,*,*,*,*,*,*,*
c8f,a,x,b
0,303,2,36
1,420,6,84
*,*,*,*,*,*,*,*,*,*,*
c8g,a,x,b
0,312,1,26
1,426,5,75
*,*,*,*,*,*,*,*,*,*,*
c8g1,a,x,b
0,294,2,50
1,415,6,87
*,*,*,*,*,*,*,*,*,*,*
c8h,a,x,b
0,313,4,28
1,446,6,59
*,*,*,*,*,*,*,*,*,*,*
c9a,a,x,b
0,306,4,40
1,326,7,55
*,*,*,*,*,*,*,*,*,*,*
c9b,a,x,b
0,284,4,58
1,300,9,77
*,*,*,*,*,*,*,*,*,*,*
c9c,a,x,b
0,250,3,98
1,246,5,142
*,*,*,*,*,*,*,*,*,*,*
c9d,a,x,b
0,320,2,27
1,338,8,39
*,*,*,*,*,*,*,*,*,*,*
c9e,a,x,b
0,309,1,36
1,321,6,64
*,*,*,*,*,*,*,*,*,*,*
c9f,a,x,b
0,299,4,40
1,316,6,65
*,*,*,*,*,*,*,*,*,*,*
c9g,a,x,b
0,302,3,34
1,318,5,62
*,*,*,*,*,*,*,*,*,*,*
c9g1,a,x,b
0,310,2,24
1,336,6,42
*,*,*,*,*,*,*,*,*,*,*
c9h,a,x,b
0,294,2,40
1,313,7,66
*,*,*,*,*,*,*,*,*,*,*
c10a,a,x,b
0,434,0,74
1,443,7,161
*,*,*,*,*,*,*,*,*,*,*
c10b,a,x,b
0,411,0,101
1,448,5,158
*,*,*,*,*,*,*,*,*,*,*
c10c,a,x,b
0,397,1,112
1,404,3,201
*,*,*,*,*,*,*,*,*,*,*
c10d,a,x,b
0,370,1,150
1,384,5,225
*,*,*,*,*,*,*,*,*,*,*
c10e,a,x,b
0,456,1,56
1,470,6,129
*,*,*,*,*,*,*,*,*,*,*
c10f,a,x,b
0,423,0,92
1,399,5,211
*,*,*,*,*,*,*,*,*,*,*
c10g,a,x,b
0,460,2,48
1,446,5,161
*,*,*,*,*,*,*,*,*,*,*
c10h,a,x,b
0,472,4,35
1,500,5,108
*,*,*,*,*,*,*,*,*,*,*
c10i,a,x,b
0,464,3,30
1,523,8,65
*,*,*,*,*,*,*,*,*,*,*
e1a,a,x,b
0,240,5,291
1,122,9,492
*,*,*,*,*,*,*,*,*,*,*
e1b,a,x,b
0,237,6,117
1,237,5,278
*,*,*,*,*,*,*,*,*,*,*
e1c,a,x,b
0,441,6,47
1,431,8,153
*,*,*,*,*,*,*,*,*,*,*
e1f1,a,x,b
0,411,4,80
1,440,9,138
*,*,*,*,*,*,*,*,*,*,*
e1f2,a,x,b
0,439,5,58
1,458,9,131
*,*,*,*,*,*,*,*,*,*,*
e1f3,a,x,b
0,369,4,120
1,330,3,262
*,*,*,*,*,*,*,*,*,*,*
e1f4,a,x,b
0,435,5,57
1,484,6,105
*,*,*,*,*,*,*,*,*,*,*
e1f5,a,x,b
0,440,5,46
1,485,8,96
*,*,*,*,*,*,*,*,*,*,*
e1i,a,x,b
0,339,8,169
1,266,8,332
*,*,*,*,*,*,*,*,*,*,*
e1g,a,x,b
0,346,8,168
1,272,8,327
*,*,*,*,*,*,*,*,*,*,*
e1h,a,x,b
0,376,2,136
1,302,5,299
*,*,*,*,*,*,*,*,*,*,*
e1k,a,x,b
0,366,6,150
1,295,9,302
*,*,*,*,*,*,*,*,*,*,*
e1k1,a,x,b
0,450,5,47
1,447,13,133
*,*,*,*,*,*,*,*,*,*,*
e1l,a,x,b
0,135,5,219
1,107,5,405
*,*,*,*,*,*,*,*,*,*,*
e1m,a,x,b
0,104,2,253
1,67,5,455
*,*,*,*,*,*,*,*,*,*,*
e1m1,a,x,b
0,183,2,173
1,124,3,398
*,*,*,*,*,*,*,*,*,*,*
e1n,a,x,b
0,129,3,223
1,103,4,412
*,*,*,*,*,*,*,*,*,*,*
e1o,a,x,b
0,109,4,243
1,84,5,431
*,*,*,*,*,*,*,*,*,*,*
e1p,a,x,b
0,225,5,117
1,214,5,298
*,*,*,*,*,*,*,*,*,*,*
e1p1,a,x,b
0,251,5,88
1,274,8,228
*,*,*,*,*,*,*,*,*,*,*
e1t,a,x,b
0,386,4,118
1,387,9,205
*,*,*,*,*,*,*,*,*,*,*
e1q,a,x,b
0,56,3,86
1,58,3,154
*,*,*,*,*,*,*,*,*,*,*
e1s,a,x,b
0,412,9,58
1,410,7,163
*,*,*,*,*,*,*,*,*,*,*
e1r,a,x,b
0,388,5,89
1,373,5,210
*,*,*,*,*,*,*,*,*,*,*
e1u,a,x,b
0,402,6,74
1,433,9,137
*,*,*,*,*,*,*,*,*,*,*
e1v,a,x,b
0,214,2,297
1,117,3,482
*,*,*,*,*,*,*,*,*,*,*
e1w,a,x,b
0,321,4,162
1,260,7,313
*,*,*,*,*,*,*,*,*,*,*
e1x,a,x,b
0,386,7,99
1,376,7,196
*,*,*,*,*,*,*,*,*,*,*
e1x1,a,x,b
0,409,4,65
1,417,7,150
*,*,*,*,*,*,*,*,*,*,*
e3a,a,x,b
0,269,17,58
1,292,13,166
*,*,*,*,*,*,*,*,*,*,*
e3b,a,x,b
0,127,5,239
1,86,6,395
*,*,*,*,*,*,*,*,*,*,*
e3c,a,x,b
0,280,4,62
1,287,8,175
*,*,*,*,*,*,*,*,*,*,*
e3d,a,x,b
0,285,4,51
1,310,9,142
*,*,*,*,*,*,*,*,*,*,*
e3e,a,x,b
0,286,10,40
1,345,8,102
*,*,*,*,*,*,*,*,*,*,*
e3f,a,x,b
0,129,7,222
1,79,7,397
*,*,*,*,*,*,*,*,*,*,*
e3g,a,x,b
0,193,10,148
1,168,8,302
*,*,*,*,*,*,*,*,*,*,*
e3h,a,x,b
0,233,6,117
1,201,4,266
*,*,*,*,*,*,*,*,*,*,*
e3i,a,x,b
0,238,7,94
1,225,10,237
*,*,*,*,*,*,*,*,*,*,*
e3j,a,x,b
0,192,6,155
1,185,10,274
*,*,*,*,*,*,*,*,*,*,*
d1d,a,b
0,460,34
1,533,74
*,*,*,*,*,*,*,*,*,*,*
d1e,a,b
0,482,11
1,582,23
*,*,*,*,*,*,*,*,*,*,*
d1f,a,b
0,465,28
1,561,44
*,*,*,*,*,*,*,*,*,*,*
d1a,a,b
0,88,406
1,45,564
*,*,*,*,*,*,*,*,*,*,*
d1c,a,b
0,448,46
1,506,99
*,*,*,*,*,*,*,*,*,*,*
d1b,a,b
0,482,11
1,594,11
*,*,*,*,*,*,*,*,*,*,*
d1g,a,b
0,197,297
1,259,349
*,*,*,*,*,*,*,*,*,*,*
d1h,a,b
0,482,11
1,571,34
*,*,*,*,*,*,*,*,*,*,*
d1i,a,b
0,465,28
1,541,64
*,*,*,*,*,*,*,*,*,*,*
d1j,a,b
0,493,0
1,601,4
*,*,*,*,*,*,*,*,*,*,*
d2d,a,x,b
0,211,15,138
1,247,12,261
*,*,*,*,*,*,*,*,*,*,*
d2e,a,x,b
0,229,16,115
1,238,14,262
*,*,*,*,*,*,*,*,*,*,*
d2f,a,x,b
0,254,16,84
1,310,5,199
*,*,*,*,*,*,*,*,*,*,*
d2a,a,x,b
0,279,23,229
1,304,17,298
*,*,*,*,*,*,*,*,*,*,*
d2b,a,x,b
0,223,24,278
1,226,26,366
*,*,*,*,*,*,*,*,*,*,*
d2c,a,x,b
0,170,19,175
1,166,17,335
*,*,*,*,*,*,*,*,*,*,*
d12,a,c,b,e,d
0,66,160,54,10,43
1,152,175,86,8,79
*,*,*,*,*,*,*,*,*,*,*
d13,a,null,b,c
0,203,138,5,0
1,253,51,210,3
*,*,*,*,*,*,*,*,*,*,*
d14a,a,b,null
0,28,221,100
1,22,284,209
*,*,*,*,*,*,*,*,*,*,*
d14b,a,b,null
0,250,29,17
1,370,57,21
*,*,*,*,*,*,*,*,*,*,*
d14c,a,b,null
0,264,20,6
1,389,31,15
*,*,*,*,*,*,*,*,*,*,*
d14d,a,b,null
0,264,17,9
1,386,31,17
*,*,*,*,*,*,*,*,*,*,*
d14e,a,b,null
0,240,35,17
1,328,82,31
*,*,*,*,*,*,*,*,*,*,*
d14f,a,b,null
0,256,23,12
1,346,66,24
*,*,*,*,*,*,*,*,*,*,*
d14g,a,b,null
0,217,72,26
1,278,148,38
*,*,*,*,*,*,*,*,*,*,*
d15a,a,b
0,133,192
1,218,148
*,*,*,*,*,*,*,*,*,*,*
d15b,a,b
0,278,47
1,305,61
*,*,*,*,*,*,*,*,*,*,*
d15c,a,b
0,268,57
1,282,84
*,*,*,*,*,*,*,*,*,*,*
d15d,a,b
0,255,70
1,246,120
*,*,*,*,*,*,*,*,*,*,*
d15e,a,b
0,212,113
1,250,116
*,*,*,*,*,*,*,*,*,*,*
d15f,a,b
0,175,151
1,208,158
*,*,*,*,*,*,*,*,*,*,*
d7a,a,c,b,e,d,g,f,i,h,k,j,m,l,o,n,x
0,36,49,63,38,58,9,28,1,5,0,0,0,0,1,3,25
1,34,57,47,71,73,54,69,14,21,5,0,5,3,7,5,27
*,*,*,*,*,*,*,*,*,*,*
d7b,a,c,b,e,d,g,f,i,h,k,j,m,l,o,n,x
0,83,35,58,14,26,4,8,0,0,0,0,0,0,1,0,41
1,77,66,71,32,63,6,27,3,6,0,0,0,0,2,0,54
*,*,*,*,*,*,*,*,*,*,*
d7c,a,c,b,e,d,g,f,i,h,k,j,m,l,o,n,x
0,87,29,59,13,25,3,9,0,1,0,0,0,0,0,0,40
1,99,58,87,37,54,10,22,5,1,0,0,0,0,1,0,45
*,*,*,*,*,*,*,*,*,*,*
d8,a,x,c,b
0,177,32,19,92
1,317,28,36,125
*,*,*,*,*,*,*,*,*,*,*
d9a,a,x,b
0,63,13,264
1,80,11,423
*,*,*,*,*,*,*,*,*,*,*
d9b,a,x,b
0,50,12,279
1,58,12,444
*,*,*,*,*,*,*,*,*,*,*
d9c,a,x,b
0,151,26,158
1,171,22,319
*,*,*,*,*,*,*,*,*,*,*
d9d,a,x,b
0,215,16,99
1,286,25,198
*,*,*,*,*,*,*,*,*,*,*
d9e,a,x,b
0,183,22,132
1,176,18,311
*,*,*,*,*,*,*,*,*,*,*
d9f,a,x,b
0,147,22,166
1,198,18,290
*,*,*,*,*,*,*,*,*,*,*
d9g,a,x,b
0,211,25,92
1,309,22,171
*,*,*,*,*,*,*,*,*,*,*
d9j,a,x,b
0,213,25,88
1,326,21,152
*,*,*,*,*,*,*,*,*,*,*
d9k,a,x,b
0,224,14,88
1,331,16,159
*,*,*,*,*,*,*,*,*,*,*
d10,a,x,c,b
0,54,19,9,247
1,97,12,23,371
*,*,*,*,*,*,*,*,*,*,*
f1a,a,x,b
0,433,8,72
1,479,4,127
*,*,*,*,*,*,*,*,*,*,*
f1b,a,x,b
0,462,6,28
1,536,10,54
*,*,*,*,*,*,*,*,*,*,*
f1c,a,x,b
0,427,7,61
1,493,5,111
*,*,*,*,*,*,*,*,*,*,*
f1d,a,x,b
0,454,8,31
1,536,12,48
*,*,*,*,*,*,*,*,*,*,*
f1e,a,x,b
0,461,6,31
1,536,12,51
*,*,*,*,*,*,*,*,*,*,*
f1f,a,x,b
0,444,7,38
1,533,11,52
*,*,*,*,*,*,*,*,*,*,*
f1g,a,x,b
0,440,3,53
1,537,8,58
*,*,*,*,*,*,*,*,*,*,*
f1h,a,x,b
0,458,12,27
1,526,10,68
*,*,*,*,*,*,*,*,*,*,*
f1i,a,x,b
0,462,6,25
1,560,10,32
*,*,*,*,*,*,*,*,*,*,*
f1j,a,x,b
0,434,4,53
1,500,6,98
*,*,*,*,*,*,*,*,*,*,*
f1k,a,x,b
0,441,5,45
1,535,8,50
*,*,*,*,*,*,*,*,*,*,*
f1l,a,x,b
0,447,6,40
1,542,8,42
*,*,*,*,*,*,*,*,*,*,*
f2,a,x,b
0,278,16,43
1,294,16,117
*,*,*,*,*,*,*,*,*,*,*
f3,a,x,b
0,432,13,59
1,503,14,91
*,*,*,*,*,*,*,*,*,*,*
f4,a,x,c,b
0,36,2,9,16
1,56,4,8,21
*,*,*,*,*,*,*,*,*,*,*
f5,a,x,c,b
0,4,0,0,5
1,6,0,1,0
*,*,*,*,*,*,*,*,*,*,*
f6a,a,x,b
0,30,1,31
1,27,1,59
*,*,*,*,*,*,*,*,*,*,*
f6b,a,x,b
0,42,0,20
1,41,2,44
*,*,*,*,*,*,*,*,*,*,*
f6c,a,x,b
0,38,2,23
1,59,1,29
*,*,*,*,*,*,*,*,*,*,*
f6d,a,x,b
0,29,2,33
1,40,3,45
*,*,*,*,*,*,*,*,*,*,*
f6e,a,x,b
0,42,1,20
1,47,0,41
*,*,*,*,*,*,*,*,*,*,*
f6f,a,x,b
0,12,0,9
1,9,0,25
*,*,*,*,*,*,*,*,*,*,*
f6g,a,x,b
0,18,0,22
1,28,2,23
*,*,*,*,*,*,*,*,*,*,*
f6h,a,x,b
0,53,1,10
1,55,2,27
*,*,*,*,*,*,*,*,*,*,*
f8,a,x,b
0,13,0,47
1,15,1,71
*,*,*,*,*,*,*,*,*,*,*
f11,a,x,b
0,431,11,57
1,466,21,103
*,*,*,*,*,*,*,*,*,*,*
f12,a,x,b
0,30,4,25
1,45,5,53
*,*,*,*,*,*,*,*,*,*,*
f13,a,x,b
0,17,3,37
1,42,7,53
*,*,*,*,*,*,*,*,*,*,*
f14a,a,b
0,37,21
1,64,35
*,*,*,*,*,*,*,*,*,*,*
f14b,a,b
0,44,14
1,69,30
*,*,*,*,*,*,*,*,*,*,*
f14j,a,b
0,41,17
1,64,35
*,*,*,*,*,*,*,*,*,*,*
f14k,a,b
0,47,11
1,81,18
*,*,*,*,*,*,*,*,*,*,*
f14l,a,b
0,50,8
1,85,14
*,*,*,*,*,*,*,*,*,*,*
f14m,a,b
0,58,0
1,97,2
*,*,*,*,*,*,*,*,*,*,*
f14c,a,b
0,43,15
1,54,45
*,*,*,*,*,*,*,*,*,*,*
f14n,a,b
0,43,15
1,67,32
*,*,*,*,*,*,*,*,*,*,*
f14o,a,b
0,58,0
1,93,6
*,*,*,*,*,*,*,*,*,*,*
f14d,a,b
0,56,2
1,88,11
*,*,*,*,*,*,*,*,*,*,*
f14e,a,b
0,57,1
1,97,2
*,*,*,*,*,*,*,*,*,*,*
f14p,a,b
0,52,6
1,93,6
*,*,*,*,*,*,*,*,*,*,*
f14q,a,b
0,58,0
1,96,3
*,*,*,*,*,*,*,*,*,*,*
f14r,a,b
0,54,4
1,82,17
*,*,*,*,*,*,*,*,*,*,*
f14f,a,b
0,54,4
1,90,9
*,*,*,*,*,*,*,*,*,*,*
f14g,a,b
0,56,2
1,92,7
*,*,*,*,*,*,*,*,*,*,*
f14h,a,b
0,53,5
1,94,5
*,*,*,*,*,*,*,*,*,*,*
f14i,a,b
0,56,2
1,90,9
*,*,*,*,*,*,*,*,*,*,*
f15,a,x,b
0,28,1,28
1,42,5,48
*,*,*,*,*,*,*,*,*,*,*
f16a,a,b
0,29,25
1,35,60
*,*,*,*,*,*,*,*,*,*,*
f16b,a,b
0,42,12
1,78,17
*,*,*,*,*,*,*,*,*,*,*
f16c,a,b
0,40,14
1,77,18
*,*,*,*,*,*,*,*,*,*,*
f16d,a,b
0,46,8
1,84,11
*,*,*,*,*,*,*,*,*,*,*
f16e,a,b
0,53,1
1,91,4
*,*,*,*,*,*,*,*,*,*,*
f16f,a,b
0,45,9
1,76,19
*,*,*,*,*,*,*,*,*,*,*
f16g,a,b
0,45,9
1,77,18
*,*,*,*,*,*,*,*,*,*,*
f16h,a,b
0,51,3
1,88,7
*,*,*,*,*,*,*,*,*,*,*
f16i,a,b
0,49,5
1,80,15
*,*,*,*,*,*,*,*,*,*,*
f16j,a,b
0,50,4
1,87,8
*,*,*,*,*,*,*,*,*,*,*
f16k,a,b
0,49,5
1,89,6
*,*,*,*,*,*,*,*,*,*,*
f18,a,x,b
0,407,9,113
1,455,19,144
*,*,*,*,*,*,*,*,*,*,*
f19,a,x,b
0,47,1,64
1,66,5,70
*,*,*,*,*,*,*,*,*,*,*
f20a,a,x,b
0,39,2,71
1,83,2,52
*,*,*,*,*,*,*,*,*,*,*
f20b,a,x,b
0,72,4,34
1,55,6,80
*,*,*,*,*,*,*,*,*,*,*
f21a,a,b
0,22,12
1,62,15
*,*,*,*,*,*,*,*,*,*,*
f21b,a,b
0,25,9
1,57,20
*,*,*,*,*,*,*,*,*,*,*
f21c,a,b
0,17,17
1,38,39
*,*,*,*,*,*,*,*,*,*,*
f21d,a,b
0,31,3
1,68,9
*,*,*,*,*,*,*,*,*,*,*
f21e,a,b
0,32,2
1,72,5
*,*,*,*,*,*,*,*,*,*,*
f21f,a,b
0,13,3
1,27,11
*,*,*,*,*,*,*,*,*,*,*
f21g,a,b
0,18,6
1,37,6
*,*,*,*,*,*,*,*,*,*,*
f21h,a,b
0,29,5
1,71,6
*,*,*,*,*,*,*,*,*,*,*
f21i,a,b
0,34,0
1,75,2
*,*,*,*,*,*,*,*,*,*,*
f22a,a,x,b
0,73,3,36
1,51,4,85
*,*,*,*,*,*,*,*,*,*,*
f22b,a,x,b
0,82,2,27
1,97,2,36
*,*,*,*,*,*,*,*,*,*,*
f22c,a,x,b
0,78,1,30
1,83,8,44
*,*,*,*,*,*,*,*,*,*,*
f22d,a,x,b
0,77,1,28
1,89,4,39
*,*,*,*,*,*,*,*,*,*,*
f22e,a,x,b
0,67,1,39
1,78,6,51
*,*,*,*,*,*,*,*,*,*,*
f23,a,x,b
0,39,5,60
1,43,11,76
*,*,*,*,*,*,*,*,*,*,*
f24,a,x,b
0,442,12,73
1,487,16,96
*,*,*,*,*,*,*,*,*,*,*
f25,a,x,b
0,34,0,38
1,56,5,38
*,*,*,*,*,*,*,*,*,*,*
f26a,a,x,b
0,32,0,40
1,53,4,43
*,*,*,*,*,*,*,*,*,*,*
f26b,a,x,b
0,47,1,23
1,43,4,48
*,*,*,*,*,*,*,*,*,*,*
f27a,a,b
0,13,9
1,41,5
*,*,*,*,*,*,*,*,*,*,*
f27b,a,b
0,16,6
1,31,15
*,*,*,*,*,*,*,*,*,*,*
f27c,a,b
0,13,9
1,16,30
*,*,*,*,*,*,*,*,*,*,*
f27d,a,b
0,18,4
1,43,3
*,*,*,*,*,*,*,*,*,*,*
f27e,a,b
0,17,5
1,44,2
*,*,*,*,*,*,*,*,*,*,*
f27f,a,b
0,9,1
1,19,9
*,*,*,*,*,*,*,*,*,*,*
f27g,a,b
0,13,3
1,23,11
*,*,*,*,*,*,*,*,*,*,*
f27h,a,b
0,21,1
1,43,3
*,*,*,*,*,*,*,*,*,*,*
f27i,a,b
0,22,0
1,46,0
*,*,*,*,*,*,*,*,*,*,*
f28,a,x,b
0,419,9,84
1,420,20,151
*,*,*,*,*,*,*,*,*,*,*
f29,a,x,c,b
0,14,7,38,26
1,17,12,98,26
*,*,*,*,*,*,*,*,*,*,*
f31a,a,x,b
0,54,0,31
1,91,3,60
*,*,*,*,*,*,*,*,*,*,*
f31b,a,x,b
0,33,0,53
1,59,2,92
*,*,*,*,*,*,*,*,*,*,*
f31c,a,x,b
0,38,0,49
1,39,4,110
*,*,*,*,*,*,*,*,*,*,*
f32d,a,b
0,16,25
1,42,52
*,*,*,*,*,*,*,*,*,*,*
f32e,a,b
0,27,6
1,55,9
*,*,*,*,*,*,*,*,*,*,*
f32f,a,b
0,8,15
1,19,39
*,*,*,*,*,*,*,*,*,*,*
f32g,a,b
0,45,3
1,99,9
*,*,*,*,*,*,*,*,*,*,*
f32h,a,b
0,41,7
1,101,7
*,*,*,*,*,*,*,*,*,*,*
f32i,a,b
0,46,2
1,97,11
*,*,*,*,*,*,*,*,*,*,*
f32j,a,b
0,41,7
1,99,9
*,*,*,*,*,*,*,*,*,*,*
f32k,a,b
0,46,2
1,106,2
*,*,*,*,*,*,*,*,*,*,*
f32l,a,b
0,45,3
1,104,4
*,*,*,*,*,*,*,*,*,*,*
f32m,a,b
0,45,3
1,103,5
*,*,*,*,*,*,*,*,*,*,*
f32n,a,b
0,43,5
1,100,8
*,*,*,*,*,*,*,*,*,*,*
f32o,a,b
0,46,2
1,107,1
*,*,*,*,*,*,*,*,*,*,*
f33a,a,x,b
0,12,3,32
1,24,1,82
*,*,*,*,*,*,*,*,*,*,*
f33b,a,x,b
0,16,1,30
1,35,7,65
*,*,*,*,*,*,*,*,*,*,*
f33c,a,x,b
0,24,2,21
1,56,2,47
*,*,*,*,*,*,*,*,*,*,*
f33d,a,x,b
0,27,1,18
1,76,3,28
*,*,*,*,*,*,*,*,*,*,*
f33e,a,x,b
0,15,3,29
1,37,1,69
*,*,*,*,*,*,*,*,*,*,*
f34,a,x,b
0,446,11,47
1,490,13,85
*,*,*,*,*,*,*,*,*,*,*
f35,a,x,c,b
0,8,2,26,14
1,13,6,48,16
*,*,*,*,*,*,*,*,*,*,*
f37a,a,x,b
0,34,2,16
1,63,3,20
*,*,*,*,*,*,*,*,*,*,*
f37b,a,x,b
0,29,0,20
1,53,1,32
*,*,*,*,*,*,*,*,*,*,*
f37c,a,x,b
0,19,0,33
1,22,4,59
*,*,*,*,*,*,*,*,*,*,*
f37d,a,x,b
0,34,2,15
1,54,2,30
*,*,*,*,*,*,*,*,*,*,*
f37e,a,x,b
0,32,0,18
1,69,2,14
*,*,*,*,*,*,*,*,*,*,*
f37f,a,x,b
0,34,0,14
1,58,2,25
*,*,*,*,*,*,*,*,*,*,*
f37g,a,x,b
0,29,1,20
1,62,1,23
*,*,*,*,*,*,*,*,*,*,*
f37h,a,x,b
0,34,0,14
1,66,1,15
*,*,*,*,*,*,*,*,*,*,*
f37i,a,x,b
0,19,1,29
1,47,5,32
*,*,*,*,*,*,*,*,*,*,*
f38,a,x,b
0,456,10,32
1,531,9,43
*,*,*,*,*,*,*,*,*,*,*
f39,a,x,b
0,8,1,21
1,14,5,24
*,*,*,*,*,*,*,*,*,*,*
f40a,a,x,b
0,25,1,6
1,23,1,19
*,*,*,*,*,*,*,*,*,*,*
f40b,a,x,b
0,21,0,10
1,25,3,16
*,*,*,*,*,*,*,*,*,*,*
f40c,a,x,b
0,24,1,7
1,28,4,11
*,*,*,*,*,*,*,*,*,*,*
f41a,a,x,b
0,439,7,48
1,486,15,82
*,*,*,*,*,*,*,*,*,*,*
f41b,a,x,b
0,2,0,0
1,2,0,0
*,*,*,*,*,*,*,*,*,*,*
f41c,a,x,b
0,460,5,28
1,484,16,70
*,*,*,*,*,*,*,*,*,*,*
f41d,a,x,b
0,457,5,31
1,492,12,65
*,*,*,*,*,*,*,*,*,*,*
f41e,a,x,b
0,448,16,32
1,497,16,66
*,*,*,*,*,*,*,*,*,*,*
f41f,a,x,b
0,417,5,74
1,440,6,126
*,*,*,*,*,*,*,*,*,*,*
f41g,a,x,b
0,433,9,55
1,411,6,161
*,*,*,*,*,*,*,*,*,*,*
f41h,a,x,b
0,467,4,20
1,517,9,46
*,*,*,*,*,*,*,*,*,*,*
f41i,a,x,b
0,453,8,32
1,522,10,41
*,*,*,*,*,*,*,*,*,*,*
f41j,a,x,b
0,1,0,0
1,2,0,0
*,*,*,*,*,*,*,*,*,*,*
f41k,a,x,b
0,0,0,0
1,2,0,0
*,*,*,*,*,*,*,*,*,*,*
f41l,a,x,b
0,449,8,39
1,485,7,86
*,*,*,*,*,*,*,*,*,*,*
f41m,a,x,b
0,1,0,1
1,2,0,0
*,*,*,*,*,*,*,*,*,*,*
f41n,a,x,b
0,449,7,37
1,511,5,64
*,*,*,*,*,*,*,*,*,*,*
f41o,a,x,b
0,445,4,45
1,508,5,68
*,*,*,*,*,*,*,*,*,*,*
f41p,a,x,b
0,424,6,68
1,433,4,144
*,*,*,*,*,*,*,*,*,*,*
f43a,a,x,b
0,443,7,46
1,489,13,81
*,*,*,*,*,*,*,*,*,*,*
f43b,a,x,b
0,417,9,70
1,468,7,112
*,*,*,*,*,*,*,*,*,*,*
f43c,a,x,b
0,447,12,43
1,530,3,45
*,*,*,*,*,*,*,*,*,*,*
f43d,a,x,b
0,450,9,43
1,499,5,73
*,*,*,*,*,*,*,*,*,*,*
f43e,a,x,b
0,473,6,22
1,539,3,34
*,*,*,*,*,*,*,*,*,*,*
f43f,a,x,b
0,294,5,44
1,314,5,60
*,*,*,*,*,*,*,*,*,*,*
f43g,a,x,b
0,310,6,26
1,322,2,51
*,*,*,*,*,*,*,*,*,*,*
f43h,a,x,b
0,454,9,24
1,540,3,37
*,*,*,*,*,*,*,*,*,*,*
f45a,a,x,b
0,429,6,74
1,457,3,129
*,*,*,*,*,*,*,*,*,*,*
f45b,a,x,b
0,403,8,94
1,431,7,147
*,*,*,*,*,*,*,*,*,*,*
f45c,a,x,b
0,434,9,67
1,472,6,111
*,*,*,*,*,*,*,*,*,*,*
f45d,a,x,b
0,390,7,104
1,400,10,173
*,*,*,*,*,*,*,*,*,*,*
f45e,a,x,b
0,402,10,85
1,387,8,186
*,*,*,*,*,*,*,*,*,*,*
f45f,a,x,b
0,402,9,84
1,360,5,214
*,*,*,*,*,*,*,*,*,*,*
h1,a,b
0,70,437
1,92,496
*,*,*,*,*,*,*,*,*,*,*
h2a,a,b
0,154,360
1,244,359
*,*,*,*,*,*,*,*,*,*,*
h2b,a,b
0,349,165
1,399,202
*,*,*,*,*,*,*,*,*,*,*
h2i,a,b
0,437,76
1,482,119
*,*,*,*,*,*,*,*,*,*,*
h2j,a,b
0,443,71
1,530,71
*,*,*,*,*,*,*,*,*,*,*
h2k,a,b
0,432,82
1,519,82
*,*,*,*,*,*,*,*,*,*,*
h2c,a,b
0,403,110
1,373,228
*,*,*,*,*,*,*,*,*,*,*
h2l,a,b
0,510,4
1,585,16
*,*,*,*,*,*,*,*,*,*,*
h2d,a,b
0,474,40
1,560,41
*,*,*,*,*,*,*,*,*,*,*
h2m,a,b
0,456,58
1,484,117
*,*,*,*,*,*,*,*,*,*,*
h2e,a,b
0,508,5
1,591,10
*,*,*,*,*,*,*,*,*,*,*
h2n,a,b
0,510,3
1,599,2
*,*,*,*,*,*,*,*,*,*,*
h2o,a,b
0,498,15
1,586,15
*,*,*,*,*,*,*,*,*,*,*
h2p,a,b
0,508,5
1,590,11
*,*,*,*,*,*,*,*,*,*,*
h2q,a,b
0,497,16
1,579,22
*,*,*,*,*,*,*,*,*,*,*
h2f,a,b
0,503,10
1,565,36
*,*,*,*,*,*,*,*,*,*,*
h2g,a,b
0,503,10
1,586,15
*,*,*,*,*,*,*,*,*,*,*
h2h,a,b
0,479,34
1,567,34
*,*,*,*,*,*,*,*,*,*,*
i1,a,x,b
0,348,27,134
1,346,28,198
*,*,*,*,*,*,*,*,*,*,*
i2a,a,x,b
0,60,15,449
1,71,11,511
*,*,*,*,*,*,*,*,*,*,*
i2b,a,x,b
0,24,8,495
1,32,8,560
*,*,*,*,*,*,*,*,*,*,*
i2c,a,x,b
0,29,5,500
1,30,6,576
*,*,*,*,*,*,*,*,*,*,*
i3b,a,x,b
0,133,6,386
1,149,8,444
*,*,*,*,*,*,*,*,*,*,*
i3c,a,x,b
0,134,10,383
1,158,6,429
*,*,*,*,*,*,*,*,*,*,*
i3d,a,x,b
0,110,12,405
1,130,8,464
*,*,*,*,*,*,*,*,*,*,*
i3a,a,x,b
0,105,11,412
1,121,9,467
*,*,*,*,*,*,*,*,*,*,*
i4a,a,x,b
0,297,11,201
1,338,11,223
*,*,*,*,*,*,*,*,*,*,*
i4b,a,x,b
0,248,8,245
1,253,9,311
*,*,*,*,*,*,*,*,*,*,*
i4c,a,x,b
0,270,7,227
1,295,11,265
*,*,*,*,*,*,*,*,*,*,*
i4d,a,x,b
0,298,8,199
1,345,7,221
*,*,*,*,*,*,*,*,*,*,*
i4e,a,x,b
0,279,9,217
1,318,9,241
*,*,*,*,*,*,*,*,*,*,*
i4f,a,x,b
0,296,10,200
1,341,8,229
*,*,*,*,*,*,*,*,*,*,*
i4g,a,x,b
0,310,6,172
1,329,18,216
*,*,*,*,*,*,*,*,*,*,*
i4h,a,x,b
0,293,6,195
1,300,12,259
*,*,*,*,*,*,*,*,*,*,*
i4i,a,x,b
0,289,6,197
1,307,14,242
*,*,*,*,*,*,*,*,*,*,*
i4j,a,x,b
0,289,7,194
1,287,12,262
*,*,*,*,*,*,*,*,*,*,*
i4k,a,x,b
0,76,5,47
1,125,6,78
*,*,*,*,*,*,*,*,*,*,*
i5a,a,x,b
0,293,8,191
1,310,15,226
*,*,*,*,*,*,*,*,*,*,*
i5b,a,x,b
0,301,6,188
1,289,10,266
*,*,*,*,*,*,*,*,*,*,*
i5c,a,x,b
0,263,8,228
1,284,15,273
*,*,*,*,*,*,*,*,*,*,*
i5d,a,x,b
0,268,15,219
1,316,13,237
*,*,*,*,*,*,*,*,*,*,*
i5e,a,x,b
0,329,15,147
1,382,14,169
*,*,*,*,*,*,*,*,*,*,*
i5f,a,x,b
0,307,12,181
1,353,11,203
*,*,*,*,*,*,*,*,*,*,*
i6a,a,x,b
0,112,42,289
1,157,41,326
*,*,*,*,*,*,*,*,*,*,*
i6b,a,x,b
0,127,18,301
1,252,23,260
*,*,*,*,*,*,*,*,*,*,*
i6c,a,x,b
0,157,17,285
1,315,18,219
*,*,*,*,*,*,*,*,*,*,*
i6d,a,x,b
0,180,22,277
1,300,20,243
*,*,*,*,*,*,*,*,*,*,*
i6e,a,x,b
0,185,14,291
1,269,21,267
*,*,*,*,*,*,*,*,*,*,*
i6f,a,x,b
0,85,30,313
1,197,31,298
*,*,*,*,*,*,*,*,*,*,*
i6g,a,x,b
0,101,22,299
1,229,22,275
*,*,*,*,*,*,*,*,*,*,*
i6h,a,x,b
0,171,26,238
1,301,16,223
*,*,*,*,*,*,*,*,*,*,*
i6i,a,x,b
0,234,19,217
1,365,13,188
*,*,*,*,*,*,*,*,*,*,*
i6j,a,x,b
0,148,30,254
1,212,27,261
*,*,*,*,*,*,*,*,*,*,*
i6k,a,x,b
0,148,29,246
1,251,23,255
*,*,*,*,*,*,*,*,*,*,*
i7a,a,x,b
0,342,29,42
1,406,34,84
*,*,*,*,*,*,*,*,*,*,*
i7b,a,x,b
0,326,26,61
1,398,23,101
*,*,*,*,*,*,*,*,*,*,*
i7c,a,x,b
0,244,17,205
1,282,18,252
*,*,*,*,*,*,*,*,*,*,*
i7d,a,x,b
0,295,14,129
1,344,23,176
*,*,*,*,*,*,*,*,*,*,*
i7e,a,x,b
0,335,20,62
1,367,27,126
*,*,*,*,*,*,*,*,*,*,*
i7f,a,x,b
0,336,13,64
1,374,17,126
*,*,*,*,*,*,*,*,*,*,*
i7g,a,x,b
0,345,12,54
1,395,19,98
*,*,*,*,*,*,*,*,*,*,*
i7h,a,x,b
0,340,14,57
1,359,16,135
*,*,*,*,*,*,*,*,*,*,*
i7i,a,x,b
0,349,24,41
1,404,28,78
*,*,*,*,*,*,*,*,*,*,*
i8a,a,x,b
0,193,6,112
1,292,12,166
*,*,*,*,*,*,*,*,*,*,*
i8b,a,x,b
0,321,10,101
1,387,11,145
*,*,*,*,*,*,*,*,*,*,*
i8c,a,x,b
0,182,12,131
1,255,12,212
*,*,*,*,*,*,*,*,*,*,*
i8d,a,x,b
0,336,10,104
1,391,14,149
*,*,*,*,*,*,*,*,*,*,*
i8e,a,x,b
0,165,9,108
1,274,9,170
*,*,*,*,*,*,*,*,*,*,*
i8f,a,x,b
0,200,7,55
1,327,14,88
*,*,*,*,*,*,*,*,*,*,*
j1,a,x,b
0,55,6,478
1,58,7,522
*,*,*,*,*,*,*,*,*,*,*
j5a,a,x,c,b
0,253,5,0,272
1,204,9,0,359
*,*,*,*,*,*,*,*,*,*,*
j5b,a,x,c,b
0,320,6,0,194
1,301,8,0,252
*,*,*,*,*,*,*,*,*,*,*
j5c,a,x,c,b
0,325,6,0,179
1,299,8,0,246
*,*,*,*,*,*,*,*,*,*,*
j5d,a,x,c,b
0,340,7,0,162
1,307,6,0,231
*,*,*,*,*,*,*,*,*,*,*
j5e,a,x,c,b
0,343,11,0,153
1,342,7,0,194
*,*,*,*,*,*,*,*,*,*,*
j5f,a,x,c,b
0,298,11,0,200
1,275,9,0,264
*,*,*,*,*,*,*,*,*,*,*
j5g,a,x,c,b
0,309,9,0,191
1,260,7,0,280
*,*,*,*,*,*,*,*,*,*,*
j5h,a,x,c,b
0,360,6,0,129
1,330,8,0,194
*,*,*,*,*,*,*,*,*,*,*
j5i,a,x,c,b
0,344,9,0,135
1,329,9,0,187
*,*,*,*,*,*,*,*,*,*,*
k1a,a,x,b
0,131,15,375
1,75,14,494
*,*,*,*,*,*,*,*,*,*,*
k1b,a,x,b
0,139,14,367
1,83,7,497
*,*,*,*,*,*,*,*,*,*,*
k1c,a,x,b
0,157,12,350
1,116,7,464
*,*,*,*,*,*,*,*,*,*,*
k1d,a,x,b
0,231,10,270
1,210,13,351
*,*,*,*,*,*,*,*,*,*,*
k2a,a,x,b
0,291,10,208
1,259,8,307
*,*,*,*,*,*,*,*,*,*,*
k2b,a,x,b
0,295,9,200
1,269,8,295
*,*,*,*,*,*,*,*,*,*,*
k2c,a,x,b
0,331,10,161
1,311,11,242
*,*,*,*,*,*,*,*,*,*,*
k2d,a,x,b
0,331,12,146
1,315,11,243
*,*,*,*,*,*,*,*,*,*,*
k2e,a,x,b
0,322,13,156
1,330,6,236
*,*,*,*,*,*,*,*,*,*,*
k2f,a,x,b
0,339,9,139
1,319,7,237
*,*,*,*,*,*,*,*,*,*,*
k3,a,x,b
0,300,12,187
1,254,10,308
*,*,*,*,*,*,*,*,*,*,*
k4a,a,x,b
0,77,10,432
1,58,11,526
*,*,*,*,*,*,*,*,*,*,*
k4b,a,x,b
0,145,11,364
1,114,8,473
*,*,*,*,*,*,*,*,*,*,*
k4c,a,x,b
0,131,6,383
1,100,9,484
*,*,*,*,*,*,*,*,*,*,*
a14,a,x,b
0,58,17,467
1,41,12,555
*,*,*,*,*,*,*,*,*,*,*
a15,a,x,b
0,102,7,421
1,97,10,503
*,*,*,*,*,*,*,*,*,*,*
a16,a,x,b
0,162,11,356
1,191,9,404
*,*,*,*,*,*,*,*,*,*,*
a17,a,x,b
0,68,9,455
1,83,11,519
*,*,*,*,*,*,*,*,*,*,*
a17a,a,x,b
0,66,12,458
1,96,11,506
*,*,*,*,*,*,*,*,*,*,*
a18,a,x,b
0,92,10,436
1,102,11,505
*,*,*,*,*,*,*,*,*,*,*
a19,a,x,b
0,236,12,266
1,309,36,213
*,*,*,*,*,*,*,*,*,*,*
a20a,a,x,b
0,226,5,304
1,213,7,391
*,*,*,*,*,*,*,*,*,*,*
a20b,a,x,b
0,68,5,462
1,57,8,548
*,*,*,*,*,*,*,*,*,*,*
a20c,a,x,b
0,404,7,119
1,470,10,132
*,*,*,*,*,*,*,*,*,*,*
a20d,a,x,b
0,369,6,154
1,422,13,173
*,*,*,*,*,*,*,*,*,*,*
a20e,a,x,b
0,444,7,76
1,510,11,81
*,*,*,*,*,*,*,*,*,*,*
a20f,a,x,b
0,203,8,316
1,157,9,440
*,*,*,*,*,*,*,*,*,*,*
a20g,a,x,b
0,269,8,248
1,262,7,320
*,*,*,*,*,*,*,*,*,*,*
a20h,a,x,b
0,309,9,206
1,365,5,225
*,*,*,*,*,*,*,*,*,*,*
a20i,a,x,b
0,290,5,234
1,281,7,312
*,*,*,*,*,*,*,*,*,*,*
a20j,a,x,b
0,189,7,333
1,215,12,372
*,*,*,*,*,*,*,*,*,*,*
a20k,a,x,b
0,327,11,187
1,349,7,236
*,*,*,*,*,*,*,*,*,*,*
a20l,a,x,b
0,134,8,377
1,130,7,451
*,*,*,*,*,*,*,*,*,*,*
a20n,a,x,b
0,230,9,277
1,233,6,351
*,*,*,*,*,*,*,*,*,*,*
a20o,a,x,b
0,109,11,400
1,71,10,515
*,*,*,*,*,*,*,*,*,*,*
a20p,a,x,b
0,160,13,342
1,155,11,422
*,*,*,*,*,*,*,*,*,*,*
a20q,a,x,b
0,224,10,286
1,305,12,276
*,*,*,*,*,*,*,*,*,*,*
a20r,a,x,b
0,300,6,212
1,364,7,221
*,*,*,*,*,*,*,*,*,*,*
a20s,a,x,b
0,65,7,452
1,58,5,538
*,*,*,*,*,*,*,*,*,*,*
a20t,a,x,b
0,296,6,211
1,252,9,319
*,*,*,*,*,*,*,*,*,*,*
a20u,a,x,b
0,145,7,367
1,106,7,474
*,*,*,*,*,*,*,*,*,*,*
a20v,a,x,b
0,107,6,404
1,99,3,481
*,*,*,*,*,*,*,*,*,*,*
a20w,a,x,b
0,128,6,379
1,103,8,470
*,*,*,*,*,*,*,*,*,*,*
a20x,a,x,b
0,93,5,421
1,82,6,496
*,*,*,*,*,*,*,*,*,*,*
a21a,a,x,b
0,186,15,309
1,184,12,384
*,*,*,*,*,*,*,*,*,*,*
a21b,a,x,b
0,307,14,195
1,350,19,221
*,*,*,*,*,*,*,*,*,*,*
a21c,a,x,b
0,278,15,223
1,267,14,305
*,*,*,*,*,*,*,*,*,*,*
a21d,a,x,b
0,232,10,273
1,264,12,309
*,*,*,*,*,*,*,*,*,*,*
a22a,a,b
0,225,50
1,284,69
*,*,*,*,*,*,*,*,*,*,*
a22b,a,b
0,216,59
1,281,73
*,*,*,*,*,*,*,*,*,*,*
a22c,a,b
0,242,33
1,319,34
*,*,*,*,*,*,*,*,*,*,*
a22d,a,b
0,188,87
1,251,102
*,*,*,*,*,*,*,*,*,*,*
a22e,a,b
0,255,20
1,327,26
*,*,*,*,*,*,*,*,*,*,*
a22f,a,b
0,231,44
1,300,53
*,*,*,*,*,*,*,*,*,*,*
a22g,a,b
0,262,13
1,334,19
*,*,*,*,*,*,*,*,*,*,*
a22h,a,b
0,213,62
1,255,98
*,*,*,*,*,*,*,*,*,*,*
a22j,a,b
0,204,71
1,250,103
*,*,*,*,*,*,*,*,*,*,*
a22i,a,b
0,246,29
1,293,60
*,*,*,*,*,*,*,*,*,*,*
a22k,a,b
0,270,5
1,328,25
*,*,*,*,*,*,*,*,*,*,*
a22l,a,b
0,264,11
1,340,13
*,*,*,*,*,*,*,*,*,*,*
a22m,a,b
0,274,1
1,342,11
*,*,*,*,*,*,*,*,*,*,*
a22n,a,b
0,269,6
1,336,17
*,*,*,*,*,*,*,*,*,*,*
a22o,a,b
0,269,6
1,342,11
*,*,*,*,*,*,*,*,*,*,*
a23,a,x,b
0,269,5,82
1,327,9,111
*,*,*,*,*,*,*,*,*,*,*
a24a,a,x,b
0,416,10,84
1,445,9,120
*,*,*,*,*,*,*,*,*,*,*
a24b,a,x,b
0,403,8,101
1,431,9,137
*,*,*,*,*,*,*,*,*,*,*
a25a,a,x,b
0,468,4,24
1,536,13,25
*,*,*,*,*,*,*,*,*,*,*
a25b,a,x,b
0,463,7,42
1,511,9,65
*,*,*,*,*,*,*,*,*,*,*
a25c,a,x,b
0,430,14,41
1,518,19,39
*,*,*,*,*,*,*,*,*,*,*
a25d,a,x,b
0,433,8,61
1,508,17,60
*,*,*,*,*,*,*,*,*,*,*
a25e,a,x,b
0,462,14,23
1,539,13,28
*,*,*,*,*,*,*,*,*,*,*
a25f,a,x,b
0,444,8,37
1,513,4,61
*,*,*,*,*,*,*,*,*,*,*
a26a,a,x,b
0,213,12,264
1,191,10,376
*,*,*,*,*,*,*,*,*,*,*
a26b,a,x,b
0,253,12,215
1,239,13,304
*,*,*,*,*,*,*,*,*,*,*
a26c,a,x,b
0,169,18,298
1,126,11,428
*,*,*,*,*,*,*,*,*,*,*
a26d,a,x,b
0,199,17,273
1,159,15,379
*,*,*,*,*,*,*,*,*,*,*
a26g,a,x,b
0,163,17,318
1,125,8,429
*,*,*,*,*,*,*,*,*,*,*
a27,a,x,b
0,35,4,504
1,47,9,567
*,*,*,*,*,*,*,*,*,*,*
a28,a,x,b
0,523,9,2
1,603,7,2
*,*,*,*,*,*,*,*,*,*,*
a29a,a,x,b
0,226,10,269
1,196,10,375
*,*,*,*,*,*,*,*,*,*,*
a29b,a,x,b
0,234,12,250
1,228,10,341
*,*,*,*,*,*,*,*,*,*,*
g1a,a,c,b
0,413,9,47
1,509,12,66
*,*,*,*,*,*,*,*,*,*,*
g1b,a,c,b
0,426,6,36
1,518,13,45
*,*,*,*,*,*,*,*,*,*,*
g1c,a,c,b
0,413,12,52
1,473,13,87
*,*,*,*,*,*,*,*,*,*,*
g2a,a,c,b
0,429,9,23
1,489,13,55
*,*,*,*,*,*,*,*,*,*,*
g2b,a,c,b
0,418,17,35
1,487,16,72
*,*,*,*,*,*,*,*,*,*,*
g2c,a,c,b
0,428,14,26
1,512,10,50
*,*,*,*,*,*,*,*,*,*,*
g2d,a,c,b
0,437,13,17
1,515,11,51
*,*,*,*,*,*,*,*,*,*,*
g3a,a,c,b
0,10,1,12
1,36,2,17
*,*,*,*,*,*,*,*,*,*,*
g3b,a,c,b
0,19,1,14
1,45,3,23
*,*,*,*,*,*,*,*,*,*,*
g3c,a,c,b
0,12,3,11
1,24,2,26
*,*,*,*,*,*,*,*,*,*,*
g3d,a,c,b
0,8,0,8
1,35,1,16
*,*,*,*,*,*,*,*,*,*,*
g4,a,c,b,e,d
0,29,3,15,3,1
1,73,5,24,9,1
*,*,*,*,*,*,*,*,*,*,*
g5,a,c,b,e,d,g,f,i,h,j
0,9,8,9,6,1,2,2,1,1,7
1,22,7,19,5,8,2,5,3,11,23
*,*,*,*,*,*,*,*,*,*,*
g9a,a,b
0,35,15
1,80,20
*,*,*,*,*,*,*,*,*,*,*
g9b,a,b
0,42,8
1,82,18
*,*,*,*,*,*,*,*,*,*,*
g9c,a,b
0,40,10
1,81,19
*,*,*,*,*,*,*,*,*,*,*
g9d,a,b
0,44,6
1,87,13
*,*,*,*,*,*,*,*,*,*,*
g9e,a,b
0,40,10
1,86,14
*,*,*,*,*,*,*,*,*,*,*
g9f,a,b
0,43,7
1,86,14
*,*,*,*,*,*,*,*,*,*,*
g9g,a,b
0,39,11
1,72,28
*,*,*,*,*,*,*,*,*,*,*
g9h,a,b
0,46,4
1,92,8
*,*,*,*,*,*,*,*,*,*,*
g9j,a,b
0,48,2
1,90,10
*,*,*,*,*,*,*,*,*,*,*
g9i,a,b
0,48,2
1,94,6
*,*,*,*,*,*,*,*,*,*,*
g9k,a,b
0,47,3
1,92,8
*,*,*,*,*,*,*,*,*,*,*
